ingredient_type,stock_level,expiry_days_remaining,sales_rate,past_waste_quantity,risk_level
seafood,159.51,14,14.77,17.96,low
dairy,92.39,20,12.22,21.24,low
fruit,12.23,23,16.73,6.37,low
grain,122.72,28,8.92,8.74,low
dairy,80.57,27,19.49,6.98,low
grain,103.33,24,1.41,18.23,high
spice,90.65,17,19.0,28.97,low
spice,46.95,27,9.08,3.66,low
spice,166.81,2,18.23,7.76,high
fruit,42.38,3,4.1,29.09,high
meat,90.5,9,17.95,17.94,low
meat,108.4,23,7.46,8.43,low
grain,55.92,28,16.14,2.24,low
dairy,158.24,26,1.94,10.75,high
vegetable,183.08,8,12.65,9.93,medium
spice,146.19,7,5.86,16.84,high
dairy,24.8,13,17.05,21.65,low
dairy,105.02,14,2.66,13.18,high
dairy,7.25,6,9.77,16.9,low
seafood,82.67,10,4.46,28.29,high
seafood,58.66,21,17.67,18.73,low
grain,160.93,11,8.62,26.5,medium
meat,25.3,24,6.7,3.3,low
grain,71.16,2,0.64,15.32,high
vegetable,97.48,0,2.84,10.13,high
vegetable,81.36,29,19.45,28.87,low
fruit,139.56,2,6.37,8.55,high
meat,82.8,22,5.93,27.25,low
dairy,136.46,20,10.04,29.57,medium
dairy,74.56,16,14.7,11.03,low
grain,196.7,21,10.95,2.71,low
fruit,139.47,2,12.02,20.33,high
dairy,142.52,18,7.3,2.89,medium
seafood,187.41,0,13.68,22.06,high
meat,185.01,29,14.07,6.86,low
vegetable,19.53,11,11.39,26.48,low
seafood,68.47,2,14.16,25.4,high
vegetable,128.76,10,18.74,23.56,medium
grain,116.56,15,2.48,19.91,high
spice,45.63,0,0.85,14.82,high
grain,73.93,7,17.06,19.73,low
dairy,127.63,21,5.26,29.19,high
spice,97.86,7,12.81,23.84,high
vegetable,39.85,28,10.23,17.16,low
vegetable,9.68,11,18.84,28.62,low
vegetable,190.66,28,8.85,29.0,low
dairy,196.09,19,6.24,11.55,medium
meat,111.8,21,14.07,17.1,low
meat,123.39,21,7.49,7.62,low
vegetable,28.19,21,7.51,8.81,low
seafood,84.54,17,17.41,27.4,medium
spice,39.66,7,14.19,23.87,medium
grain,177.44,14,7.82,2.82,medium
vegetable,31.85,29,6.09,17.72,low
fruit,50.8,9,16.54,10.81,low
spice,55.04,11,12.65,2.56,low
spice,39.68,29,11.04,19.12,low
vegetable,80.37,18,9.06,2.35,low
spice,37.68,29,16.8,20.88,low
vegetable,89.03,29,2.33,5.49,medium
spice,56.71,15,10.58,19.71,low
dairy,50.3,15,3.59,3.6,low
spice,24.1,4,2.34,9.34,high
fruit,87.34,22,1.44,28.47,high
grain,10.02,9,12.7,15.09,low
grain,123.55,15,13.03,0.8,low
dairy,160.39,11,8.07,19.3,high
spice,125.56,0,19.24,27.16,high
grain,55.52,11,2.47,0.55,high
vegetable,131.49,28,16.98,0.7,low
meat,52.88,6,2.8,20.9,high
grain,84.17,28,6.0,5.32,low
vegetable,114.14,2,19.81,12.38,high
seafood,186.22,4,5.15,20.4,high
seafood,151.15,8,7.87,16.03,high
spice,179.21,16,1.54,28.76,high
dairy,19.17,6,19.16,20.3,low
spice,19.25,11,6.91,20.18,low
grain,189.29,15,15.9,2.74,low
seafood,12.12,2,17.81,10.53,medium
meat,193.76,8,15.35,18.55,medium
meat,178.49,1,2.09,2.55,high
dairy,116.68,12,7.73,24.38,medium
seafood,96.85,11,11.39,12.73,medium
meat,66.72,29,10.11,0.34,low
grain,153.67,8,15.01,20.43,medium
grain,192.47,27,6.07,26.06,medium
spice,51.35,18,19.4,15.69,low
vegetable,44.15,14,9.36,18.83,low
vegetable,183.14,9,19.03,26.71,medium
grain,22.24,20,5.91,5.64,low
meat,53.92,4,19.5,29.59,low
fruit,7.43,8,6.54,24.41,low
fruit,16.16,5,19.02,21.77,medium
seafood,183.92,9,18.69,25.98,high
seafood,30.93,20,15.12,11.79,low
dairy,168.58,12,1.74,1.1,high
spice,199.94,5,18.31,17.55,high
spice,189.01,9,7.87,7.23,medium
spice,121.63,29,17.63,22.71,low
meat,72.27,7,0.93,14.94,high
meat,170.58,21,19.38,2.65,low
dairy,81.29,15,9.86,12.62,medium
dairy,43.38,5,12.54,29.41,medium
meat,118.39,29,11.32,2.73,low
vegetable,156.95,27,6.31,15.71,medium
vegetable,189.95,3,9.46,25.26,high
meat,66.42,10,11.8,10.25,low
seafood,26.65,22,11.9,12.01,low
grain,69.79,2,17.55,15.46,high
meat,120.79,18,1.3,5.07,medium
spice,110.19,4,9.49,6.19,high
meat,26.62,25,13.96,1.18,low
seafood,102.82,10,18.46,1.83,low
meat,173.79,7,15.09,5.54,medium
fruit,47.99,27,7.69,13.88,low
spice,13.41,26,5.42,21.4,low
seafood,7.06,17,9.22,15.98,medium
seafood,21.87,22,7.86,0.6,low
meat,107.53,24,17.87,17.81,low
grain,71.67,8,10.22,2.61,low
vegetable,113.33,9,6.03,10.89,high
meat,121.9,26,7.44,29.6,low
fruit,45.84,5,5.3,4.82,medium
dairy,18.49,29,3.88,26.9,medium
spice,196.49,5,8.26,29.08,high
grain,2.05,21,5.53,5.13,low
seafood,107.47,25,5.96,23.08,medium
fruit,193.63,3,8.8,15.23,high
meat,153.79,5,11.83,4.63,high
grain,64.81,2,1.51,10.1,high
spice,1.54,8,12.11,14.15,low
seafood,159.06,16,17.09,22.38,medium
dairy,187.73,11,7.89,27.79,high
fruit,10.57,28,3.23,23.86,low
spice,38.09,18,13.47,15.69,low
grain,63.92,9,8.15,24.5,low
dairy,125.2,0,15.08,15.08,high
vegetable,71.72,14,7.99,16.31,low
dairy,86.87,2,12.74,10.05,high
grain,159.01,28,10.16,22.24,low
dairy,149.05,29,4.49,21.42,high
spice,175.48,0,2.51,16.09,high
grain,80.06,28,11.03,14.59,low
grain,144.73,1,0.74,17.95,high
dairy,69.79,10,19.2,10.28,medium
fruit,80.77,14,6.11,18.45,low
grain,119.0,11,11.52,20.9,low
spice,141.74,9,15.54,11.23,medium
grain,25.81,24,6.98,9.34,low
dairy,118.66,20,7.9,22.33,medium
meat,67.37,19,10.98,27.6,low
meat,93.67,26,14.88,13.57,low
dairy,50.4,24,10.22,12.57,low
vegetable,73.12,10,12.83,0.39,low
grain,92.34,19,8.59,2.56,low
spice,37.71,6,12.11,2.01,low
dairy,70.53,29,4.22,1.1,low
fruit,167.48,18,1.78,23.27,high
grain,96.74,29,11.41,4.66,low
vegetable,67.54,22,18.95,11.2,low
grain,160.35,22,3.54,21.48,high
spice,82.19,24,4.83,6.93,low
dairy,177.6,27,5.14,2.98,medium
fruit,121.04,13,16.69,11.92,low
seafood,65.47,17,0.75,2.57,high
seafood,169.78,15,4.04,17.49,high
seafood,125.33,10,5.56,11.39,high
seafood,7.81,19,12.67,12.28,low
grain,44.68,25,15.39,4.2,low
meat,113.59,26,17.94,24.0,low
fruit,148.6,1,12.85,7.74,high
fruit,129.37,13,19.7,15.77,low
dairy,164.69,20,16.39,14.94,low
meat,111.28,24,10.2,21.61,low
dairy,119.89,11,12.85,14.83,low
meat,182.97,25,8.39,23.13,low
fruit,147.87,18,2.26,23.13,high
spice,78.47,7,9.03,27.47,medium
fruit,95.73,14,19.1,4.05,low
vegetable,54.71,14,5.61,17.85,low
spice,31.78,8,15.53,3.2,low
vegetable,70.96,0,10.16,20.65,high
dairy,16.48,11,14.05,8.16,low
meat,21.52,4,2.29,27.52,high
fruit,191.68,18,14.78,24.2,low
seafood,145.1,15,17.06,7.49,low
meat,11.27,25,1.27,21.17,low
seafood,199.87,25,11.57,27.46,medium
meat,84.93,28,9.75,25.86,low
seafood,91.57,26,16.66,1.11,low
grain,96.73,2,14.08,10.2,high
seafood,81.49,6,6.65,16.18,high
meat,104.51,12,12.51,6.99,low
seafood,92.93,1,0.91,26.24,high
dairy,14.94,13,7.34,23.02,medium
spice,8.48,11,12.74,26.21,low
spice,146.72,16,2.65,10.64,high
fruit,170.71,17,5.06,1.26,medium
grain,44.43,25,16.06,7.77,low
grain,84.1,23,17.74,18.02,low
grain,167.73,21,12.35,15.38,low
meat,10.34,24,4.8,5.59,low
spice,126.33,22,17.73,27.83,low
meat,105.48,26,8.23,22.75,low
dairy,45.66,23,15.08,1.05,low
grain,116.44,1,9.42,11.74,high
dairy,191.17,11,1.19,9.87,high
vegetable,110.62,26,5.99,7.58,low
spice,44.82,12,17.94,29.74,low
meat,99.53,29,12.05,24.74,low
dairy,173.03,0,17.63,23.92,high
grain,170.27,26,3.63,10.02,medium
grain,32.56,10,19.25,13.96,low
seafood,165.34,9,16.49,6.86,medium
grain,2.27,12,12.53,29.44,low
vegetable,24.05,1,12.86,16.2,high
fruit,4.67,8,19.28,10.26,low
grain,36.72,4,2.5,28.12,high
dairy,34.11,11,1.81,17.47,high
vegetable,12.53,23,1.39,26.15,low
spice,77.34,28,0.93,9.71,high
seafood,163.94,10,13.82,13.38,medium
seafood,105.88,28,14.03,6.62,low
meat,154.79,19,13.26,8.2,low
spice,128.07,5,15.32,13.27,medium
dairy,82.46,27,14.63,22.38,medium
grain,112.99,11,9.73,29.05,medium
fruit,41.54,28,15.64,23.13,low
dairy,159.56,11,1.13,27.63,high
dairy,37.91,14,9.89,3.52,low
grain,112.12,15,10.09,1.93,low
fruit,65.86,1,16.05,9.31,high
meat,136.41,17,9.86,18.0,low
dairy,139.3,0,19.08,27.23,high
vegetable,49.17,24,11.63,0.55,low
fruit,124.01,19,7.25,23.27,medium
fruit,7.61,19,7.48,9.66,low
fruit,113.94,13,14.02,24.64,low
dairy,25.72,26,1.12,28.09,low
seafood,122.98,8,14.33,26.13,high
fruit,122.84,6,13.39,16.59,medium
fruit,163.64,25,9.88,1.22,low
meat,13.01,22,13.18,14.38,low
dairy,44.62,22,9.67,22.33,low
dairy,33.17,5,14.52,6.85,medium
vegetable,99.16,27,4.39,20.41,low
fruit,192.2,25,14.98,12.76,low
grain,147.33,29,19.76,1.2,low
grain,6.85,1,9.99,26.2,medium
meat,158.8,6,5.9,17.77,high
seafood,47.92,25,14.46,27.27,medium
seafood,126.88,13,19.44,5.43,low
fruit,20.38,28,9.18,15.44,medium
vegetable,132.86,6,3.69,11.73,high
grain,27.04,12,5.12,7.04,low
meat,15.63,13,6.95,13.46,low
spice,50.49,10,19.0,7.58,low
fruit,34.36,24,12.31,10.7,medium
grain,89.83,14,17.43,6.18,low
spice,7.8,13,1.61,15.94,low
spice,18.62,0,10.39,1.25,high
meat,80.08,17,19.32,0.15,low
vegetable,116.44,23,10.55,14.67,low
grain,106.92,22,1.08,9.24,medium
seafood,33.31,20,2.33,20.18,medium
fruit,173.76,21,5.48,19.85,medium
fruit,99.94,16,16.7,25.94,low
vegetable,7.05,7,16.01,27.56,low
fruit,79.38,4,11.76,10.46,high
meat,199.88,5,6.7,25.99,high
dairy,175.82,28,15.42,27.77,low
dairy,161.76,17,17.62,9.52,low
fruit,109.35,24,6.9,18.91,low
meat,79.84,20,7.92,16.45,low
dairy,46.23,25,11.95,5.05,medium
fruit,124.28,13,10.26,16.27,low
grain,121.97,15,11.21,22.41,low
grain,191.15,12,16.54,12.93,low
dairy,12.99,20,9.84,5.84,low
fruit,97.69,15,10.7,20.1,low
meat,122.46,17,8.3,29.3,low
meat,25.26,10,2.9,25.78,low
seafood,22.27,9,4.11,27.53,medium
grain,97.23,6,16.41,11.21,low
spice,120.72,21,10.55,17.81,low
meat,43.2,9,3.91,10.82,medium
vegetable,48.14,4,6.39,21.96,high
grain,85.32,9,16.29,23.0,low
spice,34.43,2,17.45,14.19,medium
spice,20.05,15,6.59,6.91,low
vegetable,78.79,28,1.64,4.25,medium
dairy,119.81,17,8.38,12.85,medium
seafood,68.88,13,2.53,21.73,high
meat,181.2,12,2.05,2.57,medium
vegetable,123.81,12,10.62,2.03,low
spice,14.92,20,5.79,17.78,low
meat,67.27,5,1.52,11.35,high
fruit,112.0,1,9.2,10.01,high
spice,35.89,14,4.42,16.07,low
fruit,85.12,22,15.25,10.43,medium
fruit,47.69,27,19.5,0.6,low
grain,185.47,11,5.25,20.15,high
seafood,173.07,20,16.61,23.46,low
meat,13.56,3,6.41,7.89,low
dairy,48.57,0,6.46,11.91,high
seafood,188.54,17,10.56,27.58,high
spice,78.82,11,18.65,3.49,low
meat,125.96,29,17.62,26.04,low
grain,163.93,14,8.36,5.21,medium
meat,45.5,13,19.52,19.23,low
fruit,63.43,13,3.21,26.95,medium
fruit,35.79,2,19.08,24.76,medium
spice,6.14,24,5.03,2.4,low
grain,193.2,27,6.58,15.18,medium
fruit,1.07,10,12.58,19.51,low
dairy,77.91,4,15.72,13.79,high
vegetable,86.64,8,3.27,3.64,high
fruit,53.81,6,14.0,1.87,low
vegetable,47.3,27,6.47,18.72,low
grain,169.76,17,3.05,26.6,high
seafood,105.58,21,16.64,22.01,low
fruit,192.8,22,8.62,14.44,medium
seafood,124.17,12,0.74,7.24,high
spice,40.57,4,19.21,14.64,medium
seafood,100.37,22,3.41,3.82,medium
meat,65.61,27,13.21,24.32,low
meat,157.22,12,3.1,3.06,high
vegetable,188.62,1,9.03,7.64,high
dairy,99.59,7,17.95,19.1,medium
seafood,177.99,22,10.61,4.51,low
spice,10.52,7,2.15,21.49,low
spice,160.62,2,0.74,28.7,high
fruit,198.33,19,15.61,19.84,medium
grain,71.61,25,2.42,19.81,medium
fruit,17.44,15,19.37,8.86,low
vegetable,195.22,14,4.51,3.64,high
vegetable,192.01,22,1.32,29.05,high
spice,25.92,26,19.61,18.06,low
grain,32.17,9,7.1,27.84,low
seafood,19.91,7,8.93,13.18,medium
fruit,185.74,11,4.35,26.61,high
spice,57.9,29,17.3,25.4,low
spice,44.99,29,16.92,21.85,low
seafood,36.94,10,6.74,22.6,medium
spice,33.8,28,13.86,2.76,low
meat,43.49,18,3.44,10.27,low
vegetable,102.16,21,11.52,20.67,low
seafood,115.86,24,15.34,4.8,low
vegetable,148.6,2,19.84,2.98,high
meat,131.85,24,11.32,21.99,low
vegetable,75.68,8,11.31,0.16,low
meat,168.15,11,15.04,6.07,medium
dairy,151.5,22,9.67,15.06,medium
meat,74.29,28,13.05,23.41,low
fruit,83.11,7,3.98,0.87,high
fruit,71.74,24,8.06,12.07,low
dairy,13.91,15,4.9,21.09,medium
fruit,97.83,29,16.2,8.09,low
fruit,30.65,23,7.02,23.55,medium
fruit,42.76,3,10.59,13.21,high
seafood,47.94,19,1.72,24.04,medium
seafood,199.67,27,6.34,5.2,medium
seafood,24.55,5,19.83,22.42,medium
seafood,114.8,15,4.46,16.97,high
fruit,55.34,16,18.63,23.48,medium
dairy,52.6,13,4.9,11.31,low
spice,92.18,4,14.27,18.94,medium
fruit,145.86,17,18.23,23.41,low
vegetable,150.52,23,9.71,0.4,low
grain,9.87,21,5.6,7.41,low
fruit,86.35,24,15.65,1.96,low
spice,170.76,10,1.72,27.19,high
vegetable,154.6,5,18.05,0.65,medium
dairy,192.72,14,17.7,11.8,medium
fruit,146.43,25,19.6,4.35,low
seafood,40.42,23,7.1,9.26,low
vegetable,170.27,22,11.13,29.42,medium
spice,172.17,25,11.08,23.75,medium
fruit,92.2,0,8.86,4.23,high
fruit,170.15,1,2.4,25.86,high
grain,13.39,7,2.68,10.68,low
dairy,11.34,16,4.43,7.76,low
fruit,151.07,14,4.5,26.33,high
fruit,33.16,13,5.16,13.54,low
vegetable,78.75,2,2.56,19.7,high
vegetable,80.08,10,15.62,28.93,low
grain,158.78,3,5.89,9.37,high
vegetable,79.8,15,17.99,15.61,medium
meat,64.04,2,7.58,26.92,high
dairy,196.72,0,12.16,1.0,high
dairy,63.32,29,12.5,2.5,low
vegetable,160.92,13,6.73,29.65,medium
fruit,127.3,3,19.94,29.39,high
dairy,33.28,26,13.89,2.79,low
dairy,38.29,28,6.28,27.55,low
fruit,142.34,11,19.77,27.04,low
meat,164.03,11,7.04,5.21,high
spice,23.48,25,2.46,7.2,low
seafood,39.06,10,13.2,18.63,low
fruit,147.88,11,9.69,29.37,medium
meat,65.7,7,0.57,20.45,high
fruit,171.29,27,19.84,2.18,low
meat,103.02,5,7.53,2.06,high
vegetable,61.49,13,15.31,27.11,low
grain,133.33,17,13.19,26.23,low
dairy,112.53,26,8.1,11.39,low
fruit,76.7,29,16.15,14.37,low
vegetable,9.36,23,1.03,28.99,low
fruit,182.24,9,14.14,25.18,medium
spice,192.6,8,6.44,24.88,high
fruit,44.47,20,11.04,2.9,low
fruit,10.18,0,9.64,9.04,high
dairy,146.32,8,1.44,27.09,high
meat,133.89,13,7.14,29.67,medium
fruit,159.12,29,8.87,8.03,low
fruit,171.28,20,1.74,24.94,high
spice,105.52,8,13.55,24.88,low
vegetable,6.0,22,8.89,9.51,low
vegetable,68.82,19,9.15,18.21,low
dairy,89.6,24,14.2,7.12,low
fruit,157.56,2,13.22,28.52,high
meat,95.11,8,10.37,19.02,medium
vegetable,8.91,5,1.39,4.2,medium
grain,94.46,24,6.96,14.46,low
spice,95.38,16,10.57,0.17,low
fruit,10.85,7,1.22,3.24,medium
vegetable,44.48,9,6.22,27.95,low
vegetable,163.52,16,12.53,3.42,low
vegetable,6.9,10,1.37,13.52,low
seafood,55.67,0,8.1,21.9,high
spice,121.97,15,6.29,21.55,medium
grain,164.42,7,17.33,0.06,medium
vegetable,121.16,17,5.51,19.96,medium
vegetable,91.79,17,2.3,17.89,high
grain,16.96,14,15.12,12.38,low
spice,136.06,1,17.82,17.96,high
vegetable,122.9,27,3.85,19.14,medium
spice,180.59,5,16.67,29.74,high
grain,59.71,0,2.15,11.98,high
spice,25.48,16,4.71,14.0,low
grain,134.92,22,11.08,25.85,low
fruit,89.84,1,7.99,13.5,high
seafood,64.45,15,0.74,11.1,high
fruit,141.41,0,10.75,15.35,high
spice,178.13,0,18.96,10.19,high
meat,129.52,27,0.63,11.58,high
vegetable,135.75,4,10.86,25.25,high
grain,112.38,3,3.76,29.16,high
meat,8.76,21,18.55,12.42,low
dairy,5.65,26,3.37,14.64,medium
spice,191.23,4,9.74,13.32,high
meat,165.51,16,2.22,18.21,high
spice,108.8,21,5.31,25.16,low
dairy,61.16,12,4.3,1.73,medium
grain,166.31,3,7.27,17.41,high
spice,89.36,14,16.43,6.22,low
meat,125.06,24,15.95,13.84,low
seafood,79.63,27,17.12,21.33,medium
fruit,107.14,11,1.24,22.38,high
seafood,25.84,16,13.77,14.0,medium
grain,97.2,5,11.98,11.26,high
fruit,104.97,29,15.36,11.6,low
meat,145.42,20,19.62,12.23,medium
dairy,120.82,14,11.68,28.68,low
grain,1.63,16,17.02,26.79,low
dairy,63.07,2,9.24,15.31,high
meat,95.89,28,1.1,26.16,high
meat,27.75,29,13.07,24.59,low
fruit,191.53,14,19.82,6.02,low
meat,165.87,6,0.55,1.32,high
seafood,29.43,7,18.77,24.66,low
vegetable,153.46,3,14.15,3.13,high
fruit,82.1,29,0.98,9.18,high
dairy,126.79,12,18.98,2.17,low
meat,16.3,22,16.92,7.27,low
fruit,10.99,1,14.35,20.01,medium
dairy,160.89,13,3.47,7.99,high
fruit,64.98,20,16.92,16.47,low
vegetable,25.46,16,14.54,26.01,low
meat,117.59,7,11.32,19.11,medium
fruit,164.68,23,6.15,16.9,high
grain,29.43,22,14.55,12.04,low
vegetable,149.98,14,2.5,5.67,high
spice,10.32,21,14.29,1.88,low
spice,186.25,24,7.52,8.11,medium
dairy,173.44,3,15.88,26.76,high
grain,135.35,16,13.9,14.81,low
vegetable,186.1,24,14.23,0.13,low
spice,37.38,23,15.34,28.52,low
seafood,188.85,8,2.55,23.45,high
spice,100.22,6,10.26,12.98,medium
seafood,23.08,13,15.53,0.09,low
spice,164.61,1,4.63,19.72,high
dairy,146.37,21,4.71,20.33,medium
seafood,26.02,2,6.65,19.34,high
spice,136.76,21,4.38,26.71,medium
vegetable,164.84,21,10.56,8.03,low
spice,137.92,12,7.89,10.12,medium
seafood,66.72,11,12.11,0.3,low
dairy,175.65,25,10.62,20.33,medium
seafood,44.74,27,19.53,3.77,low
spice,16.2,14,16.24,3.61,low
meat,45.43,24,7.75,0.04,low
dairy,132.94,12,19.5,25.41,medium
spice,80.2,3,18.04,21.3,high
spice,50.07,27,9.73,1.79,low
vegetable,48.59,23,19.83,16.33,medium
seafood,112.7,21,7.63,6.76,low
meat,169.59,26,11.78,4.41,low
spice,105.93,3,8.07,20.22,high
grain,68.13,21,9.66,26.7,low
vegetable,138.31,25,3.37,0.24,medium
fruit,83.71,5,10.83,7.26,high
spice,189.87,13,1.99,8.24,medium
meat,36.88,29,11.44,25.92,low
grain,179.64,11,16.95,29.44,low
grain,132.16,8,4.34,28.54,high
dairy,196.25,24,4.77,13.77,medium
vegetable,192.07,20,19.08,29.01,medium
spice,170.99,29,14.51,7.42,low
dairy,192.07,17,15.55,14.97,medium
vegetable,167.25,3,7.46,27.79,high
meat,65.01,1,10.54,24.25,high
fruit,86.31,24,8.35,26.84,low
vegetable,152.44,16,12.89,2.72,low
fruit,183.77,16,9.17,8.27,medium
meat,131.67,17,18.09,26.32,low
grain,21.26,9,16.88,22.55,low
vegetable,190.14,4,14.52,16.9,high
spice,103.82,25,16.87,4.31,low
meat,178.62,20,15.38,24.69,low
grain,100.01,19,4.49,7.66,medium
fruit,42.21,24,7.6,8.86,low
dairy,101.88,2,2.35,24.8,high
grain,31.17,24,9.53,1.36,low
grain,85.62,4,8.14,16.4,high
grain,104.98,4,14.6,6.02,medium
seafood,61.54,28,9.03,26.48,medium
grain,148.64,4,15.3,18.29,high
fruit,65.73,24,5.43,8.14,low
seafood,161.53,6,4.8,22.87,high
fruit,118.54,16,7.92,12.43,low
vegetable,190.49,9,9.9,10.85,high
grain,126.8,26,15.3,3.08,low
grain,194.51,23,3.6,5.41,high
seafood,92.88,0,2.88,3.75,high
meat,161.61,28,3.27,6.4,medium
grain,195.73,2,2.82,22.94,high
vegetable,63.08,25,3.68,23.59,medium
grain,77.49,18,15.75,3.73,low
meat,88.09,3,11.4,15.03,high
fruit,109.74,16,11.04,12.89,low
spice,192.34,29,11.28,11.9,low
dairy,175.99,24,3.57,9.29,high
dairy,100.8,7,5.38,18.75,high
dairy,170.29,22,18.17,0.36,low
vegetable,4.94,20,6.48,10.59,low
vegetable,187.06,4,14.79,12.14,high
dairy,135.83,26,1.6,11.22,high
grain,196.43,19,13.59,18.97,low
fruit,120.62,19,5.92,8.29,medium
meat,183.03,7,1.82,15.56,high
spice,38.77,19,8.74,10.4,low
grain,15.73,2,4.5,14.49,high
meat,138.27,25,12.27,2.31,low
spice,185.18,19,6.3,2.76,medium
seafood,111.12,20,0.79,28.95,high
seafood,113.17,8,14.28,18.3,low
grain,1.4,3,18.96,3.18,low
meat,122.84,26,14.86,26.49,low
meat,75.34,12,8.46,0.46,low
grain,187.32,8,9.28,28.73,high
meat,148.14,5,19.55,3.06,medium
meat,148.82,17,2.31,22.45,high
seafood,163.63,26,14.61,0.27,low
grain,123.05,24,13.58,21.03,low
spice,175.62,19,0.77,7.45,medium
vegetable,4.15,10,5.33,1.88,low
meat,119.82,15,2.08,28.54,high
meat,177.11,18,10.12,8.5,low
fruit,148.83,23,19.76,8.74,low
fruit,74.85,8,4.52,23.99,high
vegetable,179.17,8,1.18,23.62,high
meat,126.42,10,12.94,25.01,medium
dairy,187.32,27,8.68,15.0,low
dairy,120.17,12,6.37,15.08,medium
grain,42.8,0,15.41,12.29,high
meat,82.35,5,3.61,4.81,high
spice,165.47,18,2.65,8.68,high
grain,184.99,26,10.54,16.07,low
grain,174.65,12,6.5,27.41,high
spice,66.02,9,7.78,8.14,low
spice,79.15,18,16.66,10.47,low
vegetable,171.9,9,17.75,10.34,medium
seafood,122.5,28,9.45,12.33,low
fruit,77.58,15,2.79,4.96,medium
fruit,108.73,29,0.87,4.97,high
meat,176.45,25,7.41,3.16,low
grain,62.89,6,1.63,11.73,high
dairy,67.8,29,19.22,18.49,low
fruit,174.42,2,14.08,21.06,high
vegetable,41.53,1,8.53,26.12,high
spice,139.63,20,2.79,10.12,high
meat,102.94,12,8.14,26.87,medium
spice,155.52,29,15.96,2.07,low
spice,82.22,28,12.75,20.66,low
vegetable,93.55,21,16.94,14.55,medium
dairy,57.82,6,9.3,5.5,medium
fruit,129.91,17,18.08,6.1,low
fruit,96.37,14,11.06,29.04,low
spice,90.65,12,16.17,13.0,low
spice,112.25,28,9.2,2.1,low
seafood,74.55,26,7.7,1.36,low
seafood,142.04,26,7.89,24.94,low
seafood,161.09,28,2.52,1.46,high
grain,153.54,25,11.19,15.63,low
grain,28.92,4,4.54,21.4,medium
dairy,34.81,8,7.27,11.72,low
seafood,119.83,25,17.84,17.36,low
fruit,151.9,11,9.74,21.49,medium
dairy,37.89,12,4.69,12.75,low
grain,145.14,10,4.16,2.31,medium
meat,90.7,29,16.03,8.16,low
fruit,107.12,2,18.81,19.09,high
grain,93.16,13,4.76,17.86,medium
fruit,13.56,20,16.39,23.34,low
grain,154.96,19,7.68,12.97,medium
vegetable,93.33,21,1.16,26.38,high
fruit,133.7,5,8.87,6.03,high
seafood,180.29,7,13.5,2.83,medium
spice,14.38,15,16.62,27.09,low
spice,149.89,28,17.23,29.93,low
grain,178.45,20,15.78,16.99,low
seafood,16.96,20,5.02,0.43,low
grain,8.75,14,10.48,0.16,low
dairy,125.3,20,8.35,11.72,medium
dairy,89.02,9,3.2,17.37,high
dairy,173.81,10,18.62,10.26,low
dairy,89.17,17,13.17,24.13,medium
grain,188.05,13,1.54,13.64,high
meat,22.9,10,3.76,15.01,low
vegetable,129.21,24,13.15,8.26,low
grain,83.35,7,14.25,13.66,low
seafood,91.13,13,3.81,0.57,medium
dairy,91.26,7,16.15,28.83,medium
dairy,128.17,25,8.34,4.61,low
grain,16.63,10,12.06,10.65,low
fruit,140.83,28,8.76,2.54,low
fruit,132.15,6,10.28,29.29,high
dairy,147.75,23,17.75,3.76,low
vegetable,124.9,22,12.57,28.22,low
spice,13.42,19,7.28,13.06,low
meat,187.66,18,11.26,23.68,low
seafood,42.95,1,9.76,1.66,high
spice,152.1,7,2.73,0.26,medium
seafood,159.86,13,12.8,6.59,low
spice,13.45,4,3.82,26.95,low
meat,69.19,23,3.52,2.48,low
grain,123.83,29,3.17,17.42,medium
fruit,63.03,11,5.84,14.64,low
seafood,79.75,22,1.61,12.56,high
vegetable,38.95,24,11.7,20.02,low
seafood,9.95,22,16.88,29.68,medium
vegetable,188.14,25,4.31,14.68,medium
grain,137.72,27,7.55,25.79,low
meat,25.52,6,9.35,22.87,low
vegetable,163.75,5,11.57,17.38,high
meat,174.05,21,4.98,16.58,medium
fruit,27.2,23,4.11,8.36,low
grain,98.66,21,16.6,8.57,low
fruit,51.31,9,7.66,2.61,low
vegetable,146.16,28,16.02,5.25,low
fruit,104.49,19,5.37,7.9,medium
spice,125.07,9,15.96,18.82,low
vegetable,111.31,12,2.33,14.58,high
meat,189.75,22,6.18,6.23,medium
seafood,2.28,27,15.33,4.63,low
meat,152.32,16,14.23,28.06,low
meat,34.97,20,15.38,1.36,low
vegetable,102.61,19,13.57,14.05,low
grain,56.42,24,9.04,25.18,low
vegetable,159.41,10,9.26,7.12,medium
dairy,35.53,0,12.41,6.0,high
dairy,150.4,10,13.2,6.32,medium
seafood,185.54,21,1.79,0.57,high
dairy,105.42,8,6.01,12.56,high
meat,133.91,18,12.92,17.92,low
fruit,136.02,5,6.27,18.59,high
fruit,56.22,10,7.13,13.67,medium
meat,143.49,8,7.26,13.07,high
fruit,16.71,26,17.07,2.67,low
vegetable,187.16,7,18.81,13.58,medium
seafood,33.4,11,5.82,10.24,low
spice,89.9,1,4.19,0.15,high
dairy,180.97,4,2.74,28.25,high
vegetable,2.37,11,17.37,7.48,low
meat,179.22,22,6.25,8.97,medium
vegetable,88.57,1,4.1,10.26,high
fruit,35.5,28,10.86,8.64,low
seafood,190.03,13,12.12,13.02,high
grain,146.87,3,11.84,3.18,high
dairy,113.75,22,14.14,12.33,medium
seafood,51.53,4,2.43,2.27,high
spice,24.62,12,11.91,6.79,low
grain,123.77,10,10.88,3.1,medium
meat,158.11,7,6.28,28.15,high
seafood,24.02,24,13.99,13.74,low
spice,123.18,0,3.19,20.66,high
fruit,95.99,12,15.98,4.75,low
vegetable,66.31,25,3.54,25.04,low
dairy,45.03,14,3.22,17.29,low
spice,77.54,16,5.88,6.13,low
meat,7.5,4,6.58,7.49,low
dairy,131.63,17,6.98,27.84,medium
grain,24.16,18,15.58,1.32,low
dairy,16.28,18,5.01,20.44,low
seafood,51.81,0,9.16,22.5,high
fruit,135.49,13,5.92,6.51,medium
grain,181.54,3,8.67,5.05,high
spice,142.31,2,5.01,15.07,high
grain,183.37,9,6.67,8.57,medium
fruit,150.73,17,1.34,23.43,high
fruit,30.14,4,0.66,28.3,high
spice,86.83,3,15.48,15.01,medium
meat,103.3,4,18.08,6.46,medium
dairy,112.32,9,0.62,29.35,high
vegetable,42.97,21,16.5,13.22,low
vegetable,80.64,15,12.58,13.63,low
meat,24.96,8,4.36,1.97,low
spice,45.31,14,10.19,27.51,low
seafood,151.7,13,14.62,20.71,medium
fruit,20.95,8,1.52,4.79,medium
dairy,5.72,20,18.99,9.14,low
vegetable,47.06,1,18.57,12.59,high
spice,146.5,15,0.72,23.62,high
seafood,50.33,9,11.97,11.93,medium
dairy,107.54,14,5.79,27.13,high
seafood,103.12,7,2.32,12.31,high
vegetable,45.99,20,2.21,2.7,medium
grain,90.56,28,12.72,8.62,low
seafood,11.21,27,15.3,21.83,low
seafood,79.52,13,11.28,6.49,low
seafood,31.63,19,14.81,10.4,low
meat,82.28,15,3.84,24.82,medium
meat,39.49,29,19.53,10.34,low
grain,179.24,3,2.88,3.33,high
seafood,165.39,8,11.14,3.17,medium
spice,32.11,29,10.94,2.46,low
seafood,197.7,18,3.8,10.55,high
dairy,115.98,28,12.94,29.56,low
meat,86.07,27,13.47,15.02,low
fruit,5.68,10,5.94,3.88,low
seafood,163.86,16,17.85,29.76,low
vegetable,130.77,20,15.42,7.59,low
grain,31.2,26,12.09,18.09,low
meat,115.5,29,7.87,4.3,low
meat,47.43,12,13.39,19.57,low
seafood,12.93,15,4.64,3.66,low
meat,37.51,24,18.61,9.96,low
grain,6.54,9,2.09,7.76,low
vegetable,134.9,3,3.91,8.88,high
seafood,161.3,1,1.48,26.71,high
spice,14.81,13,16.88,3.82,low
meat,183.54,11,3.44,25.55,high
spice,136.25,17,11.83,7.61,low
spice,55.12,26,18.52,9.77,low
fruit,146.03,15,18.1,25.12,low
spice,69.2,14,2.34,24.95,high
spice,178.96,22,14.71,23.39,low
seafood,178.35,20,14.39,10.7,medium
dairy,164.9,4,10.53,2.55,high
vegetable,77.42,1,12.34,11.66,high
grain,28.47,10,16.68,29.3,low
dairy,106.84,25,1.78,26.74,high
spice,61.84,16,10.04,25.79,low
spice,139.24,0,12.83,3.85,high
spice,52.09,6,17.52,15.0,low
fruit,19.41,10,4.14,0.77,low
spice,159.51,10,4.33,3.77,medium
meat,105.19,18,9.83,17.57,low
dairy,166.65,18,11.92,16.33,medium
fruit,10.57,9,16.49,1.25,low
fruit,120.12,16,12.47,26.94,low
dairy,28.0,14,7.61,19.23,low
meat,154.32,11,7.49,27.34,medium
fruit,146.75,15,1.61,23.0,high
fruit,126.0,16,13.68,9.22,low
grain,187.01,22,15.91,9.54,low
vegetable,13.35,18,2.0,4.98,low
dairy,131.96,16,2.57,3.42,high
fruit,78.07,14,12.52,13.72,low
meat,13.23,22,8.59,21.91,low
meat,96.01,6,10.74,3.34,medium
dairy,68.28,0,3.67,20.27,high
fruit,12.65,0,1.32,10.91,high
spice,115.82,28,5.46,8.86,low
fruit,30.52,27,6.28,4.3,low
seafood,174.12,3,12.48,15.71,high
vegetable,165.86,29,6.64,23.74,low
grain,165.9,17,6.49,5.86,medium
meat,194.22,12,8.19,18.1,medium
fruit,94.43,17,11.82,28.08,low
spice,157.4,29,0.93,29.48,high
spice,3.57,28,5.97,3.97,low
spice,24.18,17,12.19,27.07,low
grain,150.67,25,9.13,1.45,low
meat,53.63,1,16.1,16.64,high
grain,187.14,9,15.8,17.96,medium
fruit,33.76,27,0.78,14.35,medium
meat,37.78,4,12.29,22.91,low
seafood,75.39,6,9.12,4.9,medium
dairy,148.72,28,8.04,1.53,low
dairy,176.83,7,16.86,4.36,medium
grain,2.46,2,1.89,17.22,medium
grain,52.36,20,1.45,2.94,medium
fruit,164.65,21,11.05,19.37,low
vegetable,187.45,24,2.98,3.7,high
fruit,49.92,24,1.65,20.72,medium
seafood,134.42,18,6.96,22.98,medium
vegetable,83.67,19,11.8,0.67,low
seafood,79.24,12,3.81,1.53,medium
meat,159.71,1,11.96,3.37,high
spice,56.84,24,13.13,25.31,low
seafood,48.89,13,19.25,21.91,medium
dairy,195.67,22,0.83,5.84,high
grain,146.44,27,14.77,11.16,low
fruit,12.86,25,17.86,19.57,low
fruit,81.15,22,11.59,1.78,low
spice,27.47,11,14.74,17.15,low
meat,181.5,24,8.48,10.63,low
dairy,84.26,29,18.8,10.5,low
seafood,33.13,24,4.38,9.45,low
seafood,156.26,19,14.14,9.92,low
spice,113.91,20,14.83,18.3,low
spice,182.48,27,12.19,15.41,low
vegetable,64.49,8,10.18,8.57,low
seafood,115.2,0,2.28,18.77,high
vegetable,72.97,23,10.67,26.9,low
vegetable,63.9,28,16.3,12.89,medium
fruit,182.7,0,6.88,4.94,high
meat,61.98,28,12.08,17.69,low
fruit,123.47,15,3.96,21.69,high
meat,57.37,19,7.53,18.15,low
grain,130.23,8,6.52,8.81,medium
vegetable,177.35,22,13.42,24.23,low
seafood,136.13,12,0.87,22.08,high
dairy,10.79,13,1.61,4.13,low
dairy,44.91,28,0.98,6.28,medium
grain,151.85,19,10.49,20.41,low
grain,42.73,7,16.17,2.51,low
spice,153.41,24,3.46,9.86,medium
seafood,27.01,1,19.32,12.85,high
dairy,63.13,17,4.53,9.4,low
spice,47.21,26,0.63,15.7,high
grain,179.5,22,3.29,19.73,high
grain,75.96,18,15.87,27.1,low
meat,64.07,19,9.97,16.38,low
spice,171.88,26,15.81,8.21,low
seafood,100.62,23,5.01,7.31,low
fruit,63.1,2,3.95,0.15,high
fruit,132.8,29,18.9,26.14,low
fruit,171.84,8,19.74,17.94,medium
dairy,174.74,21,6.49,25.79,medium
vegetable,95.62,5,2.22,5.84,high
vegetable,38.65,3,11.77,9.24,medium
vegetable,92.72,4,19.63,27.97,high
fruit,134.53,28,18.48,4.26,low
grain,145.35,22,12.43,9.19,low
dairy,136.15,3,5.04,20.86,high
fruit,188.47,8,3.08,29.33,high
meat,74.46,11,10.79,5.15,low
meat,88.69,28,1.15,3.66,medium
dairy,50.74,16,9.3,26.08,low
fruit,83.61,20,8.51,24.53,low
meat,10.17,3,10.5,9.63,low
fruit,63.0,24,8.99,27.62,low
vegetable,84.32,24,2.56,16.61,medium
fruit,168.93,21,16.53,22.59,low
seafood,185.83,0,14.26,9.23,high
spice,70.42,10,15.01,21.33,low
grain,198.87,15,5.04,22.51,high
vegetable,78.97,17,9.32,22.17,low
vegetable,172.43,22,13.6,0.95,low
meat,92.69,2,16.26,9.62,high
meat,108.14,13,8.27,25.89,medium
spice,141.57,13,17.25,9.78,low
fruit,111.55,22,4.87,10.9,medium
spice,175.31,19,16.25,22.12,low
fruit,12.99,22,19.88,9.44,low
seafood,33.69,13,18.36,21.54,low
meat,181.98,28,1.33,25.94,high
fruit,16.49,18,9.79,22.14,low
fruit,3.63,15,2.75,25.09,low
dairy,3.86,26,17.82,5.98,low
fruit,190.55,13,11.12,4.8,medium
dairy,140.49,17,6.55,15.1,high
grain,133.01,14,11.17,2.62,low
meat,44.88,0,1.28,8.22,high
spice,170.73,26,18.98,4.24,low
seafood,166.0,15,19.63,11.45,low
seafood,126.08,28,3.35,28.14,high
seafood,149.4,25,12.7,24.25,low
fruit,134.61,5,7.44,4.46,high
meat,138.07,20,7.95,3.97,low
meat,113.31,11,12.22,20.88,low
seafood,152.1,27,4.48,14.07,medium
grain,103.94,12,7.19,20.52,medium
fruit,15.38,25,6.66,1.67,low
fruit,41.23,23,3.37,8.94,low
vegetable,47.09,24,0.62,14.52,high
vegetable,23.19,17,19.33,6.17,low
dairy,48.8,17,17.75,16.62,low
grain,183.38,17,4.42,26.71,high
spice,68.43,17,10.29,17.49,low
spice,52.16,14,4.72,26.18,low
meat,183.92,24,13.98,7.85,low
dairy,70.98,9,11.29,8.98,low
grain,162.55,2,8.96,25.45,high
spice,120.68,13,14.96,24.15,low
spice,149.22,0,1.5,12.06,high
spice,93.38,5,12.88,5.59,medium
vegetable,44.61,25,4.48,8.76,low
seafood,22.12,3,14.44,28.71,medium
fruit,161.31,16,18.01,15.75,low
meat,133.68,20,4.52,0.03,medium
meat,5.4,22,5.23,19.9,low
grain,171.54,13,12.2,21.94,medium
meat,171.25,13,11.68,10.25,medium
grain,24.76,11,16.92,18.42,low
spice,79.33,6,11.33,17.52,medium
spice,155.58,26,13.77,8.22,low
dairy,33.93,22,15.89,3.57,low
meat,9.26,20,16.81,21.13,low
meat,133.72,2,6.47,7.95,high
seafood,52.52,8,16.52,3.04,low
dairy,61.25,18,9.9,1.72,low
spice,123.82,3,11.86,3.72,high
grain,152.68,1,4.08,9.85,high
grain,98.47,7,5.95,4.09,medium
grain,40.31,19,5.52,23.23,low
fruit,150.24,21,11.38,10.41,low
seafood,178.79,22,10.3,9.84,low
seafood,9.15,5,11.28,22.22,medium
dairy,18.0,7,7.08,5.39,low
vegetable,86.4,23,15.13,13.7,low
grain,48.72,26,5.48,24.84,low
vegetable,24.72,1,8.34,12.75,high
seafood,24.48,6,9.04,25.32,low
meat,123.73,18,11.76,17.13,low
fruit,70.69,7,2.58,11.0,high
dairy,173.84,25,17.37,18.02,low
vegetable,57.76,18,13.86,8.7,low
vegetable,20.03,1,1.6,14.57,high
vegetable,109.92,25,11.15,7.49,low
dairy,21.37,11,18.17,22.3,low
meat,76.02,21,14.05,0.32,low
grain,26.1,7,15.05,24.06,low
seafood,176.09,4,4.24,21.58,high
seafood,41.16,6,15.33,20.29,low
seafood,125.47,3,15.25,14.22,high
spice,199.11,20,9.64,4.44,medium
dairy,169.61,12,3.04,6.11,high
seafood,5.18,24,0.67,11.46,medium
vegetable,18.25,11,8.36,19.04,low
meat,187.14,12,9.18,14.64,medium
meat,73.32,9,8.86,18.86,low
spice,185.95,9,1.13,7.07,medium
seafood,13.7,18,5.22,6.1,low
seafood,76.06,3,12.76,19.21,high
spice,36.95,2,11.08,19.61,high
spice,122.03,12,5.23,8.75,medium
grain,46.85,1,9.75,5.04,high
dairy,173.25,13,17.74,4.55,low
vegetable,68.45,22,8.68,21.03,low
meat,186.86,7,13.4,1.15,low
seafood,150.32,15,8.7,15.06,high
vegetable,159.76,14,9.15,28.17,medium
fruit,77.82,3,15.26,20.67,high
spice,84.02,11,4.48,24.79,medium
spice,13.38,22,19.45,15.38,low
spice,130.52,12,4.26,3.87,medium
grain,143.36,18,9.7,6.82,low
meat,164.29,22,19.77,14.56,low
spice,11.44,25,9.48,21.29,low
seafood,127.55,29,1.27,0.66,high
spice,4.87,29,9.62,18.18,low
grain,112.83,12,15.36,26.8,low
spice,158.61,3,9.8,11.68,high
seafood,12.39,13,10.42,13.58,low
fruit,178.2,4,3.28,17.39,high
vegetable,199.76,2,16.5,11.77,high
dairy,146.27,12,10.45,7.76,medium
spice,94.97,15,18.92,10.05,low
spice,70.09,8,0.62,24.32,high
seafood,107.29,29,14.01,21.99,medium
seafood,173.57,21,11.0,16.0,low
fruit,26.72,29,10.22,18.1,low
vegetable,55.06,23,14.05,15.46,medium
dairy,3.72,0,7.27,12.95,high
seafood,7.45,27,15.98,17.29,medium
vegetable,38.31,12,10.34,7.83,low
dairy,37.9,6,10.47,13.37,medium
meat,131.21,16,11.6,26.04,low
fruit,185.24,1,7.75,2.77,high
dairy,143.92,7,19.35,28.74,medium
spice,103.28,29,17.96,29.0,low
dairy,35.43,22,2.83,6.91,low
seafood,10.81,23,3.21,22.42,medium
meat,89.5,29,13.0,23.59,low
seafood,136.58,18,12.34,2.66,low
fruit,197.31,18,4.61,25.25,high
fruit,163.14,4,9.48,6.53,high
meat,26.0,6,14.45,8.13,low
dairy,82.82,9,0.64,15.27,high
grain,49.09,7,14.47,10.76,low
grain,87.01,12,17.24,25.35,low
vegetable,13.12,8,19.86,23.33,low
meat,66.55,10,17.39,13.33,low
meat,32.12,7,8.91,17.08,medium
dairy,95.41,4,10.61,21.67,high
grain,104.23,7,1.03,13.48,high
spice,62.74,8,2.93,19.57,high
grain,27.52,16,9.37,4.91,low
seafood,22.14,5,6.39,26.99,medium
vegetable,167.03,4,15.41,7.97,high
meat,106.21,6,16.56,2.56,medium
meat,53.76,26,13.99,23.85,low
vegetable,21.54,5,3.34,26.31,medium
dairy,182.22,27,17.43,24.85,medium
spice,15.98,25,12.62,6.6,low
dairy,77.63,22,16.51,29.08,low
meat,101.89,18,14.85,8.25,low
grain,93.34,23,5.94,27.92,low
vegetable,199.64,10,14.64,25.09,high
dairy,108.3,27,19.66,27.35,medium
fruit,118.08,18,2.39,1.93,high
vegetable,85.95,27,15.79,28.41,low
meat,63.02,21,18.66,10.15,low
spice,132.78,5,6.49,1.71,high
spice,25.92,26,2.5,0.36,low
spice,90.36,22,10.13,26.08,low
dairy,164.43,25,11.67,4.12,low
vegetable,110.56,5,2.49,27.33,high
seafood,5.97,23,1.45,25.31,low
vegetable,19.18,25,15.19,21.82,low
grain,38.46,21,8.32,28.43,low
fruit,10.75,5,4.46,29.95,medium
vegetable,70.57,26,5.85,0.8,low
grain,143.41,28,13.67,6.18,low
grain,57.48,25,3.03,20.29,low
fruit,66.39,5,11.79,18.55,high
meat,15.09,17,16.77,1.69,low
grain,128.45,16,8.92,0.99,low
spice,116.38,14,15.88,23.24,low
spice,183.05,0,0.79,27.63,high
grain,45.23,7,3.36,19.38,medium
vegetable,70.8,0,15.22,9.28,high
dairy,185.67,12,19.69,8.77,low
seafood,166.77,6,18.35,7.97,medium
meat,40.14,15,13.3,27.21,low
grain,104.66,27,4.17,9.11,low
fruit,67.8,22,2.54,12.69,medium
fruit,91.02,12,4.35,2.93,medium
grain,18.27,19,16.52,10.62,low
spice,44.44,11,12.76,7.98,low
fruit,35.27,16,17.87,17.08,low
fruit,93.94,0,19.72,20.6,high
seafood,177.52,1,2.59,23.42,high
grain,98.36,13,9.04,9.31,low
vegetable,20.57,9,18.84,28.59,low
grain,14.39,8,5.79,0.11,low
meat,144.49,14,6.66,23.74,medium
meat,30.07,11,18.01,28.06,low
dairy,81.63,29,3.89,1.39,low
grain,164.12,24,16.21,2.3,low
seafood,132.91,27,5.12,2.52,low
spice,195.51,8,1.7,22.03,high
dairy,20.93,11,15.74,6.11,low
meat,196.3,13,10.53,21.27,medium
seafood,197.25,22,1.56,0.56,high
seafood,116.57,1,5.25,9.18,high
spice,89.73,11,12.42,29.51,low
fruit,15.07,5,11.85,9.0,low
dairy,95.43,29,17.25,10.34,medium
grain,82.78,1,5.35,27.31,high
meat,29.72,7,1.06,19.31,high
dairy,147.47,27,12.63,26.46,low
seafood,191.99,19,14.49,19.93,medium
meat,87.62,18,10.6,0.22,low
seafood,149.54,0,9.13,21.97,high
meat,36.4,7,5.12,18.84,medium
spice,116.07,4,5.54,26.01,high
dairy,140.53,20,12.72,10.76,medium
seafood,101.97,15,9.97,16.98,medium
dairy,144.14,27,4.25,13.92,medium
spice,50.82,13,7.04,28.57,medium
fruit,179.83,15,7.83,2.97,medium
spice,92.28,9,15.67,6.61,low
spice,186.78,25,8.67,15.52,low
seafood,6.62,26,13.49,8.56,low
seafood,61.98,11,13.14,7.36,low
fruit,96.45,0,13.63,18.43,high
dairy,107.13,10,13.85,6.36,low
dairy,127.42,14,8.52,7.03,medium
meat,54.5,1,13.76,24.76,high
meat,196.07,25,15.91,18.49,low
meat,179.91,5,15.51,24.33,high
spice,168.99,26,8.43,23.16,low
seafood,138.15,25,18.76,24.77,low
grain,44.2,13,16.2,25.5,low
dairy,113.92,1,10.98,17.27,high
fruit,80.53,18,19.23,1.34,low
seafood,120.27,25,0.76,16.26,high
spice,143.03,28,1.91,20.53,high
fruit,65.37,2,13.14,5.17,high
spice,43.39,15,3.57,28.87,low
fruit,53.98,24,16.17,24.53,low
spice,186.95,4,9.37,22.6,high
grain,163.19,19,8.65,25.6,low
seafood,192.66,29,5.62,26.24,high
meat,125.0,26,18.11,20.9,low
vegetable,128.2,21,6.74,22.89,low
grain,119.12,27,6.14,13.54,low
meat,140.37,22,17.14,17.44,low
meat,107.6,19,11.9,23.91,low
spice,161.29,29,17.01,24.96,low
spice,145.49,18,5.15,23.82,medium
spice,106.02,24,2.58,7.17,medium
meat,34.94,29,6.49,1.05,low
dairy,109.28,7,2.1,8.95,high
vegetable,37.7,5,9.43,22.79,medium
meat,16.25,20,0.91,12.57,low
vegetable,189.12,12,14.97,1.57,medium
meat,163.84,25,17.55,10.58,low
seafood,57.08,16,10.62,7.03,low
meat,40.0,12,11.87,22.04,low
fruit,54.68,25,10.12,13.61,low
grain,146.0,21,1.51,3.41,high
grain,145.78,18,3.45,8.54,high
spice,40.94,28,11.02,2.32,low
seafood,170.04,18,9.59,10.85,low
dairy,148.34,10,15.77,5.04,low
dairy,198.72,10,11.81,16.21,high
spice,145.23,23,4.15,0.97,medium
dairy,133.46,20,3.52,9.04,medium
meat,146.25,4,5.47,14.67,high
spice,130.26,17,1.53,18.78,high
vegetable,167.45,1,17.77,0.3,high
meat,64.44,22,10.4,14.97,low
fruit,194.05,11,5.2,0.47,high
dairy,29.98,4,2.47,5.97,high
seafood,1.43,21,3.54,7.3,low
grain,122.57,6,8.35,27.6,high
fruit,53.27,19,18.98,7.76,low
meat,177.86,20,8.32,10.52,medium
spice,21.86,1,3.49,11.0,high
meat,72.96,7,4.21,11.0,high
grain,10.4,20,2.87,29.58,low
seafood,99.16,4,11.3,5.23,high
meat,194.44,18,13.06,19.52,low
dairy,121.74,15,4.16,0.32,medium
fruit,18.14,18,17.89,8.61,low
grain,110.43,27,13.44,25.09,low
vegetable,176.68,18,17.1,4.7,low
dairy,68.85,11,12.95,10.5,medium
vegetable,133.22,28,11.21,17.73,low
grain,121.75,5,4.3,24.81,high
dairy,102.27,0,14.42,6.23,high
fruit,107.56,9,9.32,4.28,medium
dairy,192.92,14,6.73,26.04,high
seafood,140.73,1,6.57,23.49,high
seafood,97.57,16,3.69,16.97,medium
meat,105.66,11,17.05,26.66,low
fruit,134.47,15,6.67,10.27,medium
meat,129.9,9,13.86,21.23,medium
spice,109.6,24,8.81,13.27,low
dairy,93.87,24,5.13,29.37,medium
fruit,108.08,6,8.72,2.83,high
fruit,92.68,29,13.46,3.16,low
grain,130.54,10,16.21,24.76,low
vegetable,54.38,26,3.92,0.3,low
dairy,114.28,9,9.21,13.43,medium
vegetable,93.68,16,11.06,18.88,low
meat,116.85,26,12.83,15.11,low
fruit,42.66,12,14.5,17.44,low
spice,193.61,10,2.57,5.21,high
seafood,92.46,5,10.41,29.75,high
seafood,56.67,17,8.82,19.46,medium
vegetable,198.14,15,11.45,25.47,high
seafood,183.83,28,13.84,26.47,medium
vegetable,132.41,23,6.92,9.44,low
spice,60.55,3,1.43,10.57,high
vegetable,62.89,15,8.02,27.46,medium
meat,159.67,5,19.77,13.96,medium
meat,78.06,24,5.73,17.72,low
fruit,147.22,9,17.69,15.46,low
spice,76.36,25,2.96,15.89,medium
fruit,143.02,7,14.6,0.97,medium
dairy,124.85,0,1.74,16.55,high
meat,10.87,25,8.89,9.61,low
fruit,137.36,16,5.67,20.58,high
vegetable,189.69,2,16.32,1.66,high
dairy,189.37,22,4.78,13.47,high
fruit,193.82,29,13.17,22.61,low
grain,26.25,18,12.78,10.79,medium
dairy,194.12,15,10.08,28.52,medium
vegetable,56.11,12,6.33,12.32,low
vegetable,78.35,20,3.05,11.16,medium
vegetable,196.69,23,0.69,2.54,high
seafood,58.07,27,18.35,25.64,low
vegetable,169.26,6,2.27,25.64,high
fruit,169.22,1,4.58,16.11,high
spice,158.72,15,13.69,27.23,low
spice,5.94,18,2.06,10.78,low
dairy,185.31,28,4.8,27.76,high
dairy,134.19,28,1.7,21.44,high
vegetable,193.5,27,10.62,29.38,low
vegetable,112.27,18,5.19,22.31,medium
spice,117.55,19,5.54,0.78,medium
seafood,73.89,22,0.53,8.5,high
spice,37.58,22,13.69,5.7,low
fruit,139.71,12,13.29,10.23,low
vegetable,16.62,3,12.92,29.24,medium
fruit,184.09,19,7.84,27.77,high
meat,148.17,27,10.29,13.13,low
vegetable,94.67,0,6.1,7.5,high
dairy,77.42,16,15.11,8.17,low
fruit,6.8,11,18.45,17.45,medium
grain,43.24,24,10.7,3.5,low
dairy,163.9,3,18.76,9.25,high
spice,12.36,0,2.49,21.85,high
vegetable,74.88,25,4.42,9.17,low
dairy,108.62,27,19.47,8.58,low
fruit,138.88,9,14.99,13.14,medium
spice,105.41,25,1.85,13.69,high
seafood,117.89,8,8.44,20.33,high
fruit,179.05,10,8.51,26.96,high
meat,38.72,24,17.25,2.66,low
meat,48.63,1,10.66,4.49,high
fruit,27.86,10,11.41,10.77,low
spice,178.81,23,1.92,27.98,high
grain,31.24,29,5.94,19.39,low
spice,51.39,25,1.35,7.83,medium
vegetable,47.4,18,0.84,15.51,high
meat,70.99,10,4.55,23.97,medium
meat,44.34,14,6.03,8.52,low
vegetable,71.75,25,7.96,9.14,low
seafood,1.78,26,6.4,13.78,medium
spice,20.61,8,9.05,6.55,low
meat,171.55,8,3.5,21.16,high
vegetable,177.48,6,16.64,12.83,medium
vegetable,115.44,21,7.08,2.69,low
vegetable,83.91,23,3.64,16.89,medium
vegetable,36.4,28,5.14,28.15,medium
spice,147.74,9,13.74,2.22,medium
seafood,199.95,4,6.1,16.74,high
seafood,192.62,26,16.82,17.17,low
seafood,93.58,28,5.97,4.79,low
vegetable,109.26,25,19.51,6.97,low
seafood,53.6,3,2.7,26.1,high
dairy,58.16,9,0.79,9.38,high
meat,11.89,17,8.81,16.57,low
grain,175.07,8,18.85,25.86,medium
vegetable,110.56,28,6.99,3.75,low
seafood,57.83,22,6.6,2.94,low
vegetable,20.64,13,2.66,6.58,low
seafood,163.8,8,8.81,10.01,high
dairy,36.75,5,1.52,0.38,high
spice,11.89,3,18.68,25.79,medium
vegetable,162.08,11,10.65,29.26,medium
meat,25.76,0,8.4,27.95,high
spice,78.14,11,18.41,27.12,low
dairy,134.42,10,19.38,27.44,low
vegetable,144.12,1,2.17,27.28,high
grain,101.99,5,1.9,6.8,high
seafood,181.77,28,12.25,3.22,low
vegetable,182.01,6,1.9,27.27,high
dairy,163.1,9,10.88,9.1,medium
vegetable,191.64,2,8.84,21.99,high
fruit,66.39,26,8.98,5.79,low
grain,6.93,0,4.51,9.65,high
dairy,171.04,14,18.67,6.21,low
meat,132.21,8,18.06,27.9,low
seafood,151.42,16,17.98,24.2,low
dairy,171.91,7,13.05,7.88,medium
seafood,71.9,3,16.14,25.54,medium
spice,12.59,19,4.7,8.76,low
dairy,151.26,3,18.26,18.46,high
dairy,42.84,19,17.62,16.48,low
spice,81.2,11,5.99,21.66,medium
seafood,86.0,18,1.54,13.37,high
spice,64.13,20,7.96,22.72,low
fruit,134.93,19,1.91,8.71,medium
fruit,30.26,29,17.71,0.6,low
grain,2.41,11,17.81,19.24,low
dairy,135.78,29,19.14,15.94,medium
seafood,174.26,27,2.97,25.28,high
vegetable,170.24,14,9.68,5.97,medium
vegetable,109.78,10,3.77,11.37,high
grain,154.48,24,13.61,15.26,low
vegetable,168.66,22,17.61,1.21,low
fruit,7.18,19,16.14,10.46,low
grain,116.37,8,9.38,21.17,medium
seafood,124.68,26,13.4,11.76,medium
spice,69.88,14,0.5,7.24,medium
grain,50.5,8,16.22,8.39,low
spice,8.25,12,2.03,10.69,low
grain,46.41,3,16.43,28.79,medium
spice,16.18,11,19.69,11.5,low
grain,2.87,8,6.04,17.57,low
grain,183.48,29,9.25,16.13,medium
grain,53.94,20,8.2,19.38,low
vegetable,159.26,16,10.0,26.35,low
spice,61.23,18,9.93,14.71,low
fruit,111.63,25,18.26,28.3,low
meat,57.47,15,15.68,3.93,low
meat,49.22,9,4.07,10.95,medium
grain,4.87,13,1.95,15.11,low
vegetable,111.79,16,0.68,7.73,medium
grain,87.12,27,6.3,0.99,low
fruit,62.66,8,19.89,14.46,medium
grain,91.01,11,6.54,9.6,medium
seafood,178.06,7,6.77,29.95,high
seafood,123.07,19,6.6,14.58,medium
spice,83.77,29,4.63,3.15,low
dairy,39.06,19,15.86,9.33,low
spice,25.37,11,15.79,17.52,low
meat,96.92,15,1.86,14.36,high
meat,92.71,5,10.78,22.92,medium
fruit,147.97,24,4.35,29.52,medium
dairy,27.38,19,1.4,18.72,high
seafood,151.01,5,10.36,2.31,high
grain,192.51,21,16.5,17.53,low
dairy,104.15,14,14.75,8.63,low
meat,126.21,22,9.05,18.33,low
spice,172.09,5,15.25,8.28,high
meat,20.27,25,19.26,19.58,low
meat,42.9,9,6.83,29.44,low
grain,46.39,2,12.06,11.4,high
vegetable,51.7,7,11.42,14.59,low
seafood,177.44,3,3.06,22.98,high
fruit,189.51,23,12.9,26.25,low
seafood,81.92,19,16.0,13.69,low
vegetable,174.56,12,10.43,4.42,medium
vegetable,21.13,6,18.29,28.38,medium
fruit,88.3,27,6.39,26.85,low
spice,153.16,9,11.11,10.16,medium
grain,29.42,21,17.44,19.86,low
seafood,120.38,23,6.05,1.41,low
dairy,96.54,14,3.68,24.37,high
meat,79.59,16,1.48,1.32,medium
spice,89.45,10,6.85,24.51,medium
seafood,16.77,14,1.45,13.44,low
seafood,179.23,25,19.3,19.25,low
meat,132.31,20,2.34,22.75,high
seafood,132.15,24,1.54,4.21,high
fruit,171.47,15,6.03,28.45,medium
vegetable,68.86,23,2.02,3.18,medium
meat,179.26,18,10.01,10.92,low
meat,160.52,16,8.89,8.24,medium
meat,31.14,9,10.77,9.1,low
seafood,2.07,23,19.79,1.18,low
vegetable,49.95,16,12.35,12.08,medium
seafood,14.53,26,14.99,19.85,low
seafood,43.83,8,4.17,1.69,medium
spice,71.11,9,15.78,27.66,low
fruit,139.08,16,10.5,8.03,low
vegetable,124.29,20,14.28,28.22,low
grain,33.27,20,3.78,22.81,low
meat,36.04,25,4.34,26.26,low
grain,78.63,1,9.86,11.2,high
spice,171.27,10,4.19,27.03,high
dairy,85.09,12,2.86,2.36,high
dairy,73.19,12,11.98,2.68,low
meat,168.43,1,13.91,9.76,high
vegetable,179.08,10,6.08,12.71,high
fruit,118.27,13,5.93,1.85,medium
dairy,26.59,25,13.88,7.5,low
seafood,94.34,29,7.59,6.5,low
grain,99.64,23,3.93,17.91,medium
grain,103.71,18,9.96,16.3,low
grain,60.47,16,2.18,21.42,medium
meat,130.97,19,9.65,11.03,low
vegetable,147.11,9,13.44,19.97,medium
spice,86.9,26,0.95,26.9,high
spice,172.3,24,5.95,3.82,medium
fruit,150.97,0,7.12,21.24,high
spice,152.36,3,13.19,3.49,medium
dairy,135.72,10,17.49,29.97,medium
grain,196.76,19,4.89,7.71,medium
vegetable,8.98,11,7.78,11.51,low
vegetable,167.05,18,12.48,10.02,low
fruit,140.07,19,13.51,0.38,low
seafood,2.59,26,7.19,4.15,low
spice,136.05,0,16.36,28.73,high
spice,161.69,23,17.25,20.8,low
spice,15.44,4,17.41,28.58,low
seafood,109.03,1,19.44,8.29,high
vegetable,83.58,21,17.73,16.84,low
grain,45.65,12,0.94,3.39,high
grain,110.3,0,15.85,1.69,high
dairy,144.51,9,11.43,21.86,high
vegetable,55.53,8,12.99,7.78,low
seafood,77.45,24,4.88,15.01,medium
seafood,39.95,7,8.39,11.81,medium
vegetable,175.1,18,12.02,29.68,low
fruit,121.15,22,18.94,12.27,low
grain,171.26,16,12.8,13.49,low
fruit,115.15,23,1.06,18.93,high
seafood,144.4,22,8.16,10.26,low
grain,8.5,18,19.05,18.67,low
vegetable,149.52,29,4.86,27.98,high
vegetable,134.68,20,14.54,20.28,low
dairy,107.38,24,7.97,6.66,low
grain,39.21,22,1.43,25.51,medium
vegetable,24.39,18,16.3,11.23,low
seafood,133.94,17,15.84,9.38,low
seafood,64.72,24,17.03,23.15,medium
fruit,63.32,15,18.09,11.92,low
dairy,8.78,28,6.75,22.33,low
spice,19.36,2,13.97,15.4,medium
meat,75.2,8,9.09,27.04,medium
vegetable,105.94,13,19.68,20.02,medium
seafood,184.49,17,12.65,1.69,low
vegetable,88.22,4,3.71,20.67,high
seafood,24.86,16,6.73,17.75,medium
grain,22.92,28,3.55,25.5,low
seafood,124.67,4,6.33,9.5,high
spice,138.87,15,8.6,22.95,medium
spice,65.13,7,10.79,15.53,low
spice,59.03,0,1.54,28.13,high
seafood,116.35,14,9.91,2.81,low
vegetable,124.54,7,16.84,2.17,medium
vegetable,29.16,2,12.06,28.08,high
meat,179.61,0,5.91,29.9,high
spice,7.68,22,7.43,1.47,low
grain,96.42,8,1.15,11.0,high
grain,56.61,9,1.91,28.62,high
meat,82.07,0,0.6,22.45,high
spice,185.74,5,2.37,12.74,high
fruit,29.08,7,8.01,10.25,low
seafood,127.14,20,10.57,21.81,low
grain,33.62,25,16.21,29.69,low
meat,120.29,24,1.41,0.41,high
seafood,85.65,0,11.52,20.09,high
vegetable,176.46,5,11.41,0.44,high
dairy,142.95,24,19.66,15.84,low
fruit,76.23,24,13.14,10.16,medium
spice,65.56,25,4.98,22.49,low
spice,160.86,2,9.03,27.98,high
grain,3.59,7,6.23,11.99,low
fruit,184.92,28,13.74,11.76,low
vegetable,1.14,5,17.19,20.43,medium
seafood,53.43,15,16.11,13.62,low
spice,22.29,27,5.33,15.19,low
dairy,5.16,24,8.6,18.45,low
seafood,103.67,27,12.68,19.6,low
dairy,113.79,17,7.93,12.36,low
fruit,185.99,10,7.05,16.82,high
vegetable,81.64,19,8.56,6.19,low
fruit,167.87,29,17.45,17.05,low
meat,146.27,10,9.56,24.62,medium
meat,24.57,3,2.81,19.37,high
seafood,158.26,7,10.49,4.06,high
vegetable,176.5,22,1.58,5.94,high
spice,115.39,24,6.67,29.19,low
seafood,60.25,17,16.86,0.96,low
vegetable,66.43,16,10.94,16.31,low
grain,78.34,5,1.55,13.72,high
vegetable,103.0,2,2.54,24.68,high
seafood,96.88,29,3.43,15.11,low
seafood,15.97,12,10.07,25.46,low
seafood,83.67,2,11.75,6.63,high
seafood,152.04,11,1.37,9.29,high
grain,98.95,10,13.55,21.97,low
seafood,10.81,0,12.38,23.07,high
spice,82.78,0,9.01,29.16,high
fruit,16.84,18,6.63,19.0,low
vegetable,19.9,3,15.5,17.9,medium
seafood,53.24,22,2.71,10.54,medium
fruit,180.35,16,3.33,27.13,high
spice,125.36,13,15.9,19.91,low
meat,121.0,23,15.8,24.79,low
meat,176.11,6,3.43,1.16,medium
grain,196.4,28,3.01,0.78,high
fruit,7.53,25,18.75,7.02,low
dairy,181.26,10,18.34,10.56,low
vegetable,151.74,9,5.78,24.14,high
dairy,44.72,19,9.91,9.69,low
spice,91.2,21,13.37,4.11,low
dairy,63.65,8,19.24,18.82,medium
dairy,91.61,24,14.25,22.06,low
vegetable,184.59,24,8.39,1.87,low
grain,52.22,23,13.64,1.69,low
grain,45.03,21,8.33,9.01,low
fruit,123.93,9,14.6,6.19,low
meat,82.69,19,15.03,6.41,low
grain,46.3,7,16.52,1.78,low
vegetable,22.75,20,2.43,8.14,low
seafood,162.57,26,19.47,29.39,low
fruit,161.35,2,9.7,21.33,high
fruit,26.34,24,14.26,27.35,medium
dairy,67.93,3,13.03,9.83,high
seafood,126.72,19,8.95,11.9,low
seafood,87.68,1,14.45,2.08,high
seafood,166.82,21,11.33,21.91,medium
vegetable,63.44,16,15.66,22.16,low
vegetable,136.93,15,10.84,12.47,low
fruit,172.67,15,4.99,16.83,high
meat,106.93,28,18.31,12.28,low
grain,163.43,25,15.38,11.58,low
dairy,160.43,6,19.26,12.84,high
meat,100.42,15,15.84,0.54,low
fruit,82.24,18,14.94,9.38,low
meat,197.88,20,2.8,19.65,high
vegetable,68.29,29,2.98,28.01,low
vegetable,113.86,5,19.43,11.21,high
fruit,13.64,3,12.51,20.73,medium
spice,141.0,18,1.21,16.53,high
spice,5.42,26,18.46,9.63,low
spice,40.15,26,18.89,23.85,low
grain,100.41,1,8.01,12.07,high
vegetable,187.61,29,7.58,1.57,low
dairy,22.53,28,4.3,24.48,low
seafood,132.21,24,6.12,7.08,low
dairy,27.69,23,2.35,0.2,low
spice,67.63,27,7.61,26.2,low
vegetable,139.34,17,4.54,11.33,high
spice,138.11,15,1.78,5.74,medium
dairy,186.25,4,7.86,19.92,high
seafood,94.05,6,3.57,5.22,high
spice,179.73,11,7.9,15.2,high
grain,145.59,28,17.49,5.78,low
seafood,50.59,14,7.32,16.54,low
fruit,85.25,19,4.46,13.56,medium
vegetable,65.53,29,9.13,7.6,low
meat,82.94,21,13.84,10.8,low
spice,118.58,2,16.06,27.64,high
meat,21.57,16,19.63,18.41,low
spice,18.03,26,15.29,0.66,low
vegetable,139.51,21,16.4,14.84,medium
spice,118.2,8,13.16,4.91,medium
vegetable,6.0,18,6.92,17.63,low
dairy,26.39,28,0.85,2.24,medium
meat,157.12,23,4.19,23.14,medium
grain,166.21,28,13.07,0.85,low
vegetable,103.23,21,4.69,1.21,medium
grain,153.09,18,7.09,12.55,medium
meat,128.35,25,12.3,11.87,low
seafood,76.9,24,15.06,25.73,low
fruit,68.88,8,9.1,1.95,low
dairy,134.83,23,18.11,25.93,medium
fruit,86.3,20,8.92,23.57,low
seafood,57.63,23,9.98,13.88,medium
grain,25.86,15,9.62,29.04,low
seafood,9.97,5,1.14,14.04,high
dairy,166.99,9,11.19,5.92,medium
fruit,70.26,8,10.85,1.55,low
vegetable,72.99,15,9.34,15.51,low
meat,130.51,8,15.9,18.55,medium
seafood,108.09,17,8.07,5.12,low
dairy,100.55,6,8.76,15.45,high
grain,166.1,27,13.58,21.09,low
spice,119.41,18,19.15,23.0,low
spice,171.82,4,10.23,27.95,high
spice,169.41,13,9.36,6.28,low
vegetable,69.47,11,7.33,13.57,low
grain,191.09,27,6.7,4.98,medium
grain,51.47,25,0.72,3.91,high
grain,54.4,26,19.72,9.26,low
dairy,10.21,24,17.32,28.84,low
fruit,39.18,3,0.93,19.22,high
spice,11.56,27,8.62,5.39,low
fruit,53.0,13,17.24,3.52,low
vegetable,139.27,22,18.4,27.36,medium
seafood,128.92,2,16.95,6.11,high
vegetable,107.0,13,19.91,7.58,low
seafood,62.46,14,6.25,0.46,low
grain,11.43,7,14.56,20.31,low
fruit,130.37,20,3.54,11.76,medium
seafood,63.98,26,15.43,2.74,low
spice,4.59,25,4.03,24.31,low
spice,173.63,0,19.57,29.83,high
spice,28.72,0,6.66,12.73,high
meat,133.36,26,14.8,0.01,low
spice,72.67,23,6.11,5.57,low
meat,10.63,11,5.42,28.68,low
meat,53.44,14,17.0,13.57,low
fruit,22.45,9,0.94,13.32,high
grain,78.94,20,12.89,27.29,low
vegetable,115.82,9,6.82,4.09,medium
grain,191.22,1,17.62,17.58,high
dairy,119.37,3,10.52,24.09,high
fruit,169.3,28,2.37,27.44,high
spice,34.24,9,13.75,2.01,low
seafood,58.35,22,16.65,5.12,low
grain,97.57,6,2.04,14.63,high
spice,90.18,8,19.08,13.32,low
fruit,172.35,20,5.73,9.86,medium
grain,69.56,19,4.71,4.76,low
seafood,93.25,22,17.53,22.88,low
spice,108.05,2,17.02,0.29,high
dairy,2.73,10,10.83,10.43,low
fruit,81.14,14,8.66,21.42,low
grain,98.06,21,13.91,7.5,low
vegetable,31.81,8,8.65,27.33,medium
grain,166.99,28,7.24,7.79,low
dairy,93.98,9,4.82,1.04,high
dairy,111.59,18,9.41,18.2,low
seafood,72.27,23,8.79,8.26,low
meat,61.89,15,2.28,21.56,medium
grain,130.58,11,8.55,6.83,medium
spice,96.32,19,4.47,4.67,medium
spice,97.54,18,8.54,1.07,low
meat,3.6,28,3.96,7.57,low
fruit,13.66,25,3.15,14.93,low
grain,30.53,18,3.3,0.28,low
spice,197.46,15,12.32,10.11,medium
fruit,62.58,6,4.17,12.84,high
vegetable,53.5,26,6.22,0.18,low
grain,83.72,16,18.59,24.85,low
fruit,48.21,21,15.09,27.18,low
dairy,144.99,1,10.37,21.52,high
spice,148.8,18,16.98,15.76,low
vegetable,164.91,23,15.2,6.6,low
vegetable,188.58,11,14.63,12.11,medium
grain,85.51,26,14.99,7.56,low
grain,77.79,6,9.87,13.44,medium
seafood,120.27,22,6.0,7.0,low
spice,103.79,24,3.42,3.12,medium
fruit,155.68,27,19.18,25.64,low
grain,77.63,24,8.64,22.1,low
seafood,179.83,25,12.01,2.1,low
spice,26.31,13,10.99,27.23,low
fruit,82.87,22,14.24,10.17,medium
spice,46.9,7,15.55,10.54,low
spice,132.11,18,9.32,0.48,low
meat,146.72,20,2.71,10.25,high
meat,143.61,19,6.81,0.69,medium
grain,101.85,0,3.58,22.93,high
seafood,198.41,13,15.18,8.46,medium
fruit,153.8,7,3.53,20.0,high
fruit,69.91,0,6.24,2.59,high
seafood,72.09,15,7.17,2.52,low
spice,107.32,23,5.61,10.29,low
grain,131.43,5,10.47,28.31,high
spice,159.86,20,1.46,17.2,high
meat,112.41,28,17.59,0.57,low
meat,198.46,20,1.7,15.77,high
spice,6.77,8,18.45,13.22,low
fruit,101.64,25,16.79,23.52,low
grain,3.54,13,16.74,6.02,low
meat,183.5,12,4.87,2.95,medium
seafood,185.01,26,3.5,23.8,high
fruit,13.12,24,6.56,2.99,low
grain,79.7,26,19.62,14.82,low
seafood,105.92,11,7.62,27.38,medium
dairy,5.08,17,12.33,18.8,medium
vegetable,30.4,17,14.78,23.31,medium
fruit,161.2,7,16.7,4.32,medium
spice,114.6,15,17.31,25.18,low
vegetable,165.78,5,14.57,0.18,high
fruit,196.03,11,8.71,21.81,high
fruit,133.85,17,13.05,2.64,low
meat,151.4,3,8.11,25.91,high
fruit,162.21,12,17.35,23.45,low
spice,34.86,1,11.51,10.18,high
grain,6.29,21,17.1,18.28,low
seafood,128.03,10,0.73,16.7,high
spice,160.92,8,14.86,17.14,medium
fruit,53.8,0,11.31,9.86,high
fruit,137.79,7,6.99,22.65,high
dairy,122.77,11,14.08,11.28,medium
grain,137.96,20,11.96,7.57,low
seafood,125.36,11,19.06,23.72,low
spice,113.0,4,1.3,7.52,high
fruit,68.77,16,8.35,4.85,low
spice,116.33,5,18.59,13.75,high
fruit,15.78,26,12.53,17.96,low
dairy,132.13,18,16.0,3.39,low
dairy,77.01,3,16.26,11.04,high
spice,9.26,19,14.35,10.92,low
spice,78.96,21,17.0,22.07,low
meat,196.94,29,6.67,29.28,medium
dairy,98.48,20,11.64,28.59,low
meat,185.58,15,11.17,1.22,medium
vegetable,72.2,5,14.37,8.87,medium
dairy,184.58,20,16.33,22.25,low
fruit,51.43,12,18.64,10.94,low
seafood,177.43,26,10.53,3.21,low
meat,157.05,22,1.38,28.0,high
spice,68.26,12,6.95,22.65,low
spice,170.95,27,4.9,18.36,medium
grain,15.13,21,12.23,26.21,low
vegetable,18.16,22,10.63,23.15,low
fruit,158.61,2,2.93,5.65,high
spice,162.43,4,10.11,7.97,high
meat,106.03,6,5.16,1.25,high
grain,197.21,7,11.24,7.52,high
spice,94.1,16,17.66,28.83,low
dairy,138.16,22,19.04,7.34,low
spice,138.23,13,5.74,23.3,medium
meat,158.87,26,12.54,12.15,low
meat,119.59,9,10.47,22.02,medium
vegetable,13.53,1,11.11,16.3,high
grain,127.23,19,10.17,5.07,low
spice,111.83,5,12.94,23.08,high
vegetable,192.04,28,5.9,16.05,medium
grain,54.91,4,1.09,23.12,high
vegetable,55.51,2,11.15,17.71,high
meat,92.44,23,14.71,0.0,low
spice,196.86,14,9.66,16.64,medium
fruit,19.56,11,10.99,4.59,low
fruit,114.54,14,9.14,17.98,low
spice,33.23,2,13.9,23.76,high
grain,49.08,9,18.87,1.93,low
fruit,107.84,18,5.32,23.7,medium
grain,19.51,2,8.15,8.74,medium
dairy,81.12,5,9.24,7.68,high
vegetable,95.71,2,15.27,6.71,high
grain,26.17,11,7.03,20.86,low
dairy,103.19,27,10.1,27.45,low
spice,107.34,26,1.33,19.01,high
seafood,175.46,28,15.53,9.82,low
vegetable,53.25,19,9.35,15.21,low
dairy,66.83,23,16.31,1.34,low
meat,58.55,25,13.71,22.75,low
seafood,16.25,23,7.06,8.71,low
fruit,178.76,3,18.89,21.65,high
vegetable,187.02,8,14.78,18.33,medium
grain,159.25,12,11.2,16.15,medium
spice,89.52,21,18.09,26.27,low
seafood,52.47,26,10.35,22.44,low
meat,99.21,21,3.71,10.54,medium
dairy,111.45,9,11.33,3.0,medium
seafood,74.61,26,7.44,7.5,low
spice,86.32,26,1.95,29.32,high
dairy,42.4,13,18.14,10.22,medium
dairy,143.58,24,7.7,21.66,low
grain,195.23,1,14.06,10.32,high
vegetable,152.59,25,5.4,18.13,medium
vegetable,65.61,21,17.2,3.37,low
vegetable,59.82,20,15.87,25.06,low
grain,36.74,25,13.89,15.6,low
grain,14.81,17,10.86,24.17,low
meat,116.69,15,12.84,25.89,medium
dairy,82.48,17,1.61,0.88,high
dairy,60.83,22,14.44,18.44,medium
meat,110.28,20,11.81,21.59,low
vegetable,145.67,21,6.08,22.93,medium
seafood,5.49,9,4.02,25.25,medium
seafood,60.88,9,0.75,2.88,high
seafood,102.17,24,14.18,1.58,low
vegetable,22.97,28,17.98,19.24,low
fruit,103.97,4,4.65,18.48,high
vegetable,196.85,24,15.66,8.56,low
meat,55.39,27,4.18,21.03,low
dairy,199.9,15,6.28,21.77,high
meat,143.13,15,7.91,14.28,medium
seafood,120.66,25,3.13,4.53,medium
fruit,30.13,26,7.42,2.18,low
meat,76.66,20,6.45,29.71,low
grain,147.39,3,9.42,7.76,high
fruit,185.23,3,6.01,25.06,high
fruit,34.57,27,18.4,24.46,low
seafood,176.17,8,7.79,20.66,high
vegetable,161.06,2,2.57,2.47,high
fruit,38.08,15,10.31,19.13,medium
spice,36.66,26,11.65,17.52,low
fruit,86.11,6,9.56,18.47,medium
fruit,93.27,6,1.0,1.18,high
dairy,32.9,10,10.88,2.28,low
dairy,49.35,28,14.55,15.88,medium
fruit,51.58,12,12.4,28.17,low
grain,93.44,11,2.34,29.67,high
vegetable,146.16,25,18.7,10.89,low
dairy,121.22,13,15.6,1.01,low
dairy,14.78,3,7.25,10.44,low
seafood,79.4,22,1.15,14.11,high
dairy,24.02,2,7.09,9.3,high
meat,139.72,20,17.69,25.16,low
vegetable,138.45,20,13.39,21.3,low
grain,99.74,26,6.57,26.15,low
seafood,13.24,11,7.91,10.12,medium
meat,32.17,29,5.85,16.43,low
vegetable,3.83,12,18.9,24.13,low
fruit,153.67,12,10.45,3.84,medium
meat,79.98,12,3.49,27.44,medium
fruit,9.74,28,7.49,24.83,low
grain,99.21,25,3.48,25.78,medium
seafood,21.77,0,17.08,21.19,high
fruit,187.81,24,18.47,12.69,low
vegetable,148.58,2,11.47,24.09,high
fruit,47.47,3,8.02,4.75,medium
dairy,182.77,9,4.38,28.09,high
spice,121.0,7,0.92,14.51,medium
grain,102.06,1,13.61,23.47,high
vegetable,197.45,28,4.41,8.62,medium
meat,140.12,23,11.47,28.35,low
grain,183.57,2,16.44,16.81,high
vegetable,120.45,16,15.02,1.43,low
dairy,116.2,21,15.76,13.66,low
meat,85.42,3,11.81,28.44,high
fruit,117.85,19,6.91,15.25,low
meat,93.01,13,5.5,0.3,medium
vegetable,22.77,2,8.17,25.4,high
grain,148.96,10,8.32,6.2,low
seafood,43.79,19,13.6,27.35,medium
grain,90.73,9,10.25,4.23,low
fruit,172.07,5,8.72,4.4,high
dairy,55.1,3,12.77,23.79,high
spice,93.0,17,15.69,7.82,low
vegetable,115.48,15,2.95,4.15,high
dairy,168.56,29,16.85,12.86,medium
vegetable,63.04,29,15.48,12.76,medium
grain,170.53,24,16.72,19.78,low
seafood,8.17,6,16.91,19.42,low
meat,98.88,11,11.72,29.56,low
vegetable,40.28,24,18.82,0.06,low
vegetable,194.2,8,14.78,10.66,medium
meat,164.7,1,3.92,12.64,high
dairy,107.15,17,10.98,29.85,medium
vegetable,181.29,8,14.06,28.14,medium
grain,20.01,8,2.24,6.33,medium
vegetable,152.84,1,1.24,14.64,high
grain,115.06,0,18.71,9.82,high
vegetable,40.8,3,9.59,9.16,medium
vegetable,158.15,22,5.5,17.81,medium
dairy,59.39,4,14.09,17.88,high
dairy,100.84,9,7.38,19.09,high
seafood,99.3,19,17.7,17.25,medium
vegetable,154.46,15,0.74,7.48,high
fruit,24.65,13,3.53,23.68,medium
vegetable,146.21,15,17.25,29.75,medium
grain,158.2,20,17.04,11.03,low
dairy,2.35,27,13.1,29.19,medium
seafood,189.97,20,2.03,16.82,high
spice,31.74,4,17.06,15.65,low
spice,58.34,10,6.08,15.51,low
dairy,116.38,21,12.18,2.67,low
vegetable,147.15,29,8.75,16.97,low
seafood,192.91,15,1.57,20.2,high
seafood,110.95,15,14.48,2.53,low
meat,160.55,17,14.73,3.01,low
grain,172.58,28,0.95,11.19,high
dairy,82.84,25,18.39,11.74,medium
fruit,151.09,29,9.3,28.15,low
fruit,189.62,27,1.08,13.02,high
vegetable,123.2,25,5.07,17.37,low
meat,199.9,8,15.64,9.34,medium
meat,1.62,22,2.62,14.18,low
spice,17.46,15,15.11,28.16,low
seafood,86.05,3,5.76,15.34,high
meat,114.26,29,13.62,11.61,low
grain,64.38,9,15.26,20.01,low
grain,195.56,17,11.63,14.53,low
grain,147.78,17,2.64,22.49,high
spice,68.02,9,19.53,28.71,low
grain,94.55,1,16.69,28.52,high
seafood,25.72,23,12.26,9.36,low
fruit,135.41,13,2.05,17.5,high
vegetable,94.75,28,18.17,25.05,low
vegetable,80.1,7,13.9,22.28,low
meat,36.05,13,15.15,28.0,low
dairy,152.83,15,15.38,21.11,low
vegetable,185.63,26,1.13,18.74,high
spice,21.06,29,12.28,22.48,low
seafood,181.95,7,0.74,1.03,high
grain,131.13,21,5.77,15.14,medium
dairy,175.69,12,18.75,28.78,low
grain,112.98,7,10.62,29.8,medium
vegetable,45.75,25,12.65,14.08,low
seafood,151.67,3,17.91,26.55,high
dairy,180.85,4,10.48,4.11,high
fruit,105.83,16,10.97,21.83,low
seafood,117.06,7,14.2,13.58,high
grain,101.21,14,16.46,29.71,low
meat,127.48,13,7.07,3.87,medium
seafood,12.31,0,18.22,0.64,high
grain,131.5,14,15.46,12.48,low
grain,151.7,16,13.18,9.37,low
grain,97.87,26,16.64,11.48,low
vegetable,54.49,17,19.46,18.53,low
spice,82.19,29,14.21,6.68,low
dairy,127.03,13,5.63,1.07,medium
seafood,5.82,24,2.34,5.15,low
spice,151.1,26,19.81,20.49,low
fruit,143.99,14,16.51,14.79,low
grain,87.53,17,5.03,18.72,medium
grain,25.54,11,0.78,3.58,high
seafood,7.34,21,18.34,26.03,medium
spice,125.36,13,17.94,26.65,low
spice,177.85,14,9.81,14.84,medium
grain,83.99,27,7.64,13.03,low
spice,123.61,11,8.53,15.56,medium
seafood,135.21,14,7.22,14.94,high
dairy,46.27,12,5.23,5.53,low
spice,108.89,6,8.84,18.8,high
seafood,108.18,16,7.83,19.2,medium
grain,30.36,14,17.56,5.12,low
vegetable,4.7,7,2.17,13.83,low
grain,143.77,20,13.51,7.35,low
grain,170.37,15,3.61,6.16,high
dairy,129.27,14,1.05,18.88,high
spice,195.32,28,12.64,9.45,low
vegetable,141.37,14,13.74,21.75,low
vegetable,134.75,17,4.28,7.85,medium
grain,77.18,7,17.28,14.21,low
dairy,70.06,23,16.71,8.24,low
grain,55.47,11,7.06,21.79,low
meat,157.68,12,16.86,27.94,low
spice,51.33,20,15.96,27.67,low
fruit,100.78,10,4.65,8.13,high
spice,136.34,0,14.41,27.79,high
dairy,87.03,4,14.52,14.9,high
grain,96.57,19,1.45,18.11,high
meat,75.57,16,15.1,20.02,low
vegetable,22.52,4,3.7,28.67,high
seafood,2.44,12,11.75,10.62,medium
spice,195.68,3,11.11,4.63,high
dairy,164.3,2,7.68,2.33,high
spice,145.12,17,1.41,0.13,medium
meat,56.97,20,4.26,11.68,low
dairy,85.99,7,4.86,21.17,high
vegetable,51.51,15,1.06,5.99,medium
seafood,12.87,0,5.04,14.74,high
meat,71.41,29,14.03,4.99,low
seafood,183.5,13,8.63,10.51,medium
meat,166.07,16,8.97,14.64,medium
meat,2.6,1,10.86,6.04,medium
vegetable,87.67,2,12.64,19.58,high
fruit,32.19,6,17.66,26.63,low
fruit,161.81,20,7.62,27.13,high
vegetable,37.4,11,19.95,14.81,low
meat,159.3,1,15.88,21.24,high
fruit,172.55,20,0.88,24.76,high
grain,178.75,4,10.19,24.28,high
spice,109.53,19,17.03,9.99,low
vegetable,193.88,24,3.6,5.87,medium
meat,79.69,17,5.75,17.72,low
seafood,113.02,12,5.13,8.66,medium
grain,165.31,1,7.96,4.72,high
seafood,90.2,3,15.04,6.16,high
fruit,168.25,19,15.06,25.41,low
dairy,17.5,24,13.57,29.7,low
fruit,73.27,23,8.08,12.99,low
meat,152.15,5,19.47,8.0,medium
dairy,51.83,24,13.7,14.28,low
spice,116.72,12,10.72,15.15,low
fruit,5.08,7,18.27,4.85,low
vegetable,21.55,18,10.72,17.16,low
seafood,168.27,24,3.08,21.42,high
grain,100.25,15,7.43,7.55,low
dairy,51.21,22,5.27,1.48,low
meat,29.09,18,0.68,7.06,high
spice,142.47,26,3.75,15.86,medium
dairy,158.16,3,1.01,22.17,high
seafood,13.36,8,8.92,13.59,medium
seafood,25.2,25,3.76,20.95,medium
seafood,129.74,0,6.78,16.73,high
grain,107.3,5,19.85,2.69,medium
spice,83.14,17,17.36,13.36,low
fruit,149.93,5,17.14,11.94,high
spice,119.77,27,7.05,0.1,low
grain,21.81,10,1.8,5.13,medium
vegetable,181.17,2,13.35,18.69,high
seafood,87.64,19,9.63,3.82,low
dairy,150.25,11,7.87,21.3,high
meat,24.45,2,4.21,28.23,high
fruit,10.27,8,10.73,16.32,low
meat,69.34,26,6.29,10.63,low
spice,55.04,10,19.54,27.06,low
vegetable,76.39,7,9.71,16.62,medium
spice,95.95,11,1.96,26.87,high
fruit,113.06,4,8.48,7.62,high
fruit,4.56,21,11.18,18.29,low
spice,42.92,8,13.4,27.34,low
seafood,184.75,10,13.15,26.14,high
spice,178.28,18,3.23,10.45,high
dairy,160.4,24,18.62,26.23,low
grain,2.29,25,12.49,27.08,low
seafood,79.99,16,16.84,15.76,medium
fruit,123.84,14,4.79,11.05,medium
grain,191.93,8,18.68,21.52,medium
meat,178.97,7,5.5,15.86,high
fruit,15.76,8,9.67,13.76,low
seafood,165.56,14,17.95,14.9,medium
seafood,186.98,19,11.05,8.24,low
meat,10.55,20,10.49,21.36,low
dairy,28.7,15,5.55,2.09,low
vegetable,43.79,28,1.93,6.68,low
seafood,87.99,19,11.57,28.52,low
spice,50.22,21,18.53,3.12,low
meat,91.73,16,17.01,9.26,low
seafood,175.82,23,19.37,14.34,low
grain,27.54,3,4.1,13.29,high
seafood,65.94,2,13.41,3.49,high
seafood,64.03,8,18.83,22.86,low
seafood,73.79,17,13.74,6.93,low
